{"number_episodes": 2, "episode_rewards": [916.6999999999845, 928.1999999999955], "mean_all_episodes": 922.44999999999, "std_all_episodes": 5.750000000005514}