{"number_episodes": 1, "episode_rewards": [916.6999999999845], "mean_all_episodes": 916.6999999999845, "std_all_episodes": 0.0}