{"number_episodes": 6, "episode_rewards": [916.6999999999845, 928.1999999999955, 915.3999999999821, 909.5999999999846, 898.9999999999795, 923.4999999999916], "mean_all_episodes": 915.3999999999863, "std_all_episodes": 9.431684190363868}