{"number_episodes": 5, "episode_rewards": [916.6999999999845, 928.1999999999955, 915.3999999999821, 909.5999999999846, 898.9999999999795], "mean_all_episodes": 913.7799999999852, "std_all_episodes": 9.539475876592546}