{"number_episodes": 3, "episode_rewards": [916.6999999999845, 928.1999999999955, 915.3999999999821], "mean_all_episodes": 920.0999999999873, "std_all_episodes": 5.7521010654137115}