{"number_episodes": 4, "episode_rewards": [916.6999999999845, 928.1999999999955, 915.3999999999821, 909.5999999999846], "mean_all_episodes": 917.4749999999866, "std_all_episodes": 6.744395821722003}